wrs_path,wrs_row,year,iw,id,sd,sw,size,Parameter Check,Alternative
170,35,2024,1.038384743,0.094323157,1.794176071,3.511054404,40,ok,0
170,35,2023,1.183111799,0.077472875,1.863175936,2.852138969,38,ok,0
170,35,2022,1.016621679,0.113695879,1.72821646,3.028689459,37,ok,0
170,35,2021,0.706380919,0.083845209,1.832267391,3.66595025,25,ok,0
170,35,2020,0.415928216,0,2.207228233,4.304485693,18,ok,0
170,35,2019,0.556137194,0,2.205994934,3.961007747,18,ok,0
170,35,2018,0.955331808,0.085617984,1.934194612,3.215906782,17,ok,0
170,35,2017,0.755026859,0.120145456,1.997000925,4.223552609,38,ok,0
170,35,2016,0.587500222,0.117883052,1.994035008,4.834900771,36,ok,0
170,35,2015,0.955495721,0.125106169,1.941747146,2.948020493,41,ok,0
170,35,2014,0.598016078,0.036813226,2.181871338,4.557884335,40,ok,0
170,35,2013,0.613985544,0.157964476,1.809778035,4.336504986,34,ok,0
170,35,2012,0.975476964,0.131181002,2.017459769,2.878829607,18,ok,0
170,35,2011,1.057429826,0.225517912,1.590810574,2.24944978,22,ok,0
170,35,2010,0.640119859,0.172520675,1.833500411,3.556258937,29,ok,0
170,35,2009,0.67485967,0.165393013,1.840894894,3.558466882,26,ok,0
170,35,2008,2.101186595,0.209329493,1.445034878,0.532158298,26,ok,0
170,35,2007,0.756518272,0.124109159,1.887199142,3.449686135,19,ok,0
170,35,2006,0.766592747,0.120509668,1.952378249,3.486360748,25,ok,0
170,35,2005,0.851814341,0.097831769,2.120290765,3.666312407,19,ok,0
170,35,2004,1.339355237,0.102857552,2.093173816,2.469742982,27,ok,0
170,35,2003,1.433151104,0.09666395,2.155345523,1.838533975,9,ok,0
170,35,2002,0.974959728,0.049859379,2.322766394,2.863592584,24,ok,0
170,35,2001,1.079436252,0.085241085,2.214510176,2.529321244,32,ok,0
170,35,2000,1.691723778,0.191548446,1.783728014,0.904289008,26,ok,0
171,35,2024,1.238346828,0.018835548,1.949563524,1.907096273,39,ok,0
171,35,2023,1.183653297,0,2.212321551,1.973784833,44,ok,0
171,35,2022,1.56719011,0,1.828914436,0.879147929,41,ok,0
171,35,2021,1.569075747,0,1.816443763,0.862276234,24,ok,0
171,35,2020,0.444338098,0,2.688561054,3.664436743,21,ok,0
171,35,2019,0.460452934,0,2.147007256,3.079966528,22,ok,0
171,35,2018,1.179362346,0,2.392981586,1.887019117,19,ok,0
171,35,2017,1.457976017,0,2.80765476,1.534384958,40,ok,0
171,35,2016,1.457976017,0,2.80765476,1.534384958,41,ok,0
171,35,2016,1.513203066,0,3.257395649,1.331526286,41,Not ok,2017
171,35,2015,0.983190549,0.055273842,2.116584501,2.982440725,42,ok,0
171,35,2015,1.754870545,0,2.71376255,0.837943222,42,Not ok,2014
171,35,2014,0.983190549,0.055273842,2.116584501,2.982440725,36,ok,0
171,35,2013,0.897550824,0.111362547,1.844770139,2.108590384,26,ok,0
171,35,2012,0.959859873,0.14003949,1.671636556,1.799408175,17,ok,0
171,35,2011,0.897550824,0.111362547,1.844770139,2.108590384,26,ok,0
171,35,2010,0.728492882,0.098098336,1.940481687,2.561606074,21,ok,0
171,35,2009,0.387895668,0.204799855,1.639134432,4.261301399,31,ok,0
171,35,2008,0.881267247,0.223316059,1.572347222,2.40384938,19,ok,0
171,35,2007,1.158768759,0.18064763,1.742282404,1.617107835,26,ok,0
171,35,2006,1.006698659,0.171733189,1.812988783,2.375679817,33,ok,0
171,35,2005,1.3183097,0.143386935,2.088204449,1.516934531,19,ok,0
171,35,2004,1.365491458,0.162877296,1.810642347,1.2817275,28,ok,0
171,35,2004,1.769714642,0,2.324202333,0.124749785,28,Not ok,2003
171,35,2003,1.365491458,0.162877296,1.810642347,1.2817275,17,ok,0
171,35,2002,0.970186117,0.064460288,2.271988048,2.274200029,20,ok,0
171,35,2001,1.171909929,0.303139426,1.661783038,1.40710836,28,ok,0
171,35,2000,1.564727127,0,1.940828408,0.33191217,23,ok,0
172,35,2024,1.410303499,0.133489217,1.960356366,1.069383439,42,ok,0
172,35,2023,1.343343493,0.177874783,1.883098522,1.070252511,42,ok,0
172,35,2022,1.356904934,0.080680472,1.94932711,1.066172054,41,ok,0
172,35,2021,1.429260505,0.087891516,1.878143895,1.195667292,22,ok,0
172,35,2020,1.287105648,0,2.113249348,1.323736442,17,ok,0
172,35,2019,1.590313087,0,1.970439362,0.593870771,22,ok,0
172,35,2018,1.560086371,0.167758819,1.729491483,0.543177962,19,ok,0
172,35,2017,1.427479964,0.249914761,1.653413906,0.853400225,42,ok,0
172,35,2016,1.455034617,0.26796895,1.629839797,0.972689469,40,ok,0
172,35,2015,1.380273946,0.202386112,1.826793305,1.100790487,43,ok,0
172,35,2014,1.445482361,0.188430557,1.809130255,1.007119832,38,ok,0
172,35,2013,1.442293198,0.210867173,1.723277449,1.173668153,35,ok,0
172,35,2012,1.721632971,0.212759589,1.832276903,0.59548763,17,ok,0
172,35,2011,1.300268607,0.282194103,1.748301431,1.527826643,30,ok,0
172,35,2010,1.240419296,0.275183453,1.77849903,1.746265216,31,ok,0
172,35,2009,1.075269339,0.33324757,1.585877592,2.206052772,25,ok,0
172,35,2008,1.315388288,0.291036811,1.643096904,1.707517367,30,ok,0
172,35,2007,1.298997865,0.232106025,1.877616479,1.963331652,28,ok,0
172,35,2006,1.084930662,0.233286223,1.909871477,2.588320092,30,ok,0
172,35,2005,1.324563558,0.213607712,1.974167064,1.829013063,23,ok,0
172,35,2004,1.728128997,0.117994915,2.234610805,0.705708761,31,ok,0
172,35,2003,1.334478348,0.21605916,1.976978757,1.695337789,20,ok,0
172,35,2002,1.159266815,0.287144721,1.851489282,2.042718866,29,ok,0
172,35,2001,1.21969649,0.228947705,1.934614728,1.556702412,28,ok,0
172,35,2000,1.280710422,0.206584429,2.045779407,1.450545644,34,ok,0
173,35,2024,2.074729595,0.083448443,1.990374902,0.324111948,42,ok,0
173,35,2023,1.844259571,0.075248458,1.979924428,0.566858355,40,ok,0
173,35,2022,1.997637858,0.082200776,1.966775237,0.276652503,40,ok,0
173,35,2021,2.127722959,0.101994406,1.931146278,0.602800961,26,ok,0
173,35,2020,1.598908131,0,2.093887884,1.948243323,20,ok,0
173,35,2019,2.125417485,0.027889191,1.996756335,0.218353389,20,ok,0
173,35,2018,1.61707253,0.109649395,1.850286993,1.020537572,20,ok,0
173,35,2017,1.393218988,0.11250931,1.842901568,1.796663102,40,ok,0
173,35,2016,1.152712885,0.131786979,1.871519572,2.71306949,39,ok,0
173,35,2015,1.997502063,0.145298212,1.860302194,0.992981835,40,ok,0
173,35,2014,1.538467256,0.129253176,1.87312673,1.471536916,39,ok,0
173,35,2013,1.149263123,0.115187534,1.832556758,3.017486613,32,ok,0
173,35,2012,1.465491218,0.196113884,1.865256379,1.867697768,14,ok,0
173,35,2011,1.11509155,0.203244813,1.849220458,3.067607285,24,ok,0
173,35,2010,0.928560873,0.345092818,1.579853612,3.35737189,28,ok,0
173,35,2009,1.048345102,0.3527618,1.52908944,3.0575057,37,ok,0
173,35,2008,0.659287185,0.378715391,1.40728626,4.891603428,25,ok,0
173,35,2007,0.565989549,0.412701959,1.402870487,5.060043956,26,ok,0
173,35,2006,0.919763762,0.206476357,1.898877781,3.492179677,32,ok,0
173,35,2005,0.886139542,0.20407454,1.921331294,3.521530329,28,ok,0
173,35,2004,1.233117422,0.186369803,1.965522136,2.53587258,25,ok,0
173,35,2003,1.557619117,0.149512179,2.180974244,2.133914544,21,ok,0
173,35,2002,1.038719967,0.220418202,1.840087521,3.907894731,22,ok,0
173,35,2001,1.609518651,0.219035346,1.910967649,1.154564801,24,ok,0
173,35,2000,1.666913987,0.225334515,1.897379717,0.922750971,30,ok,0
174,35,2024,2.531411146,0.135114066,1.584214003,-0.184311053,43,ok,0
174,35,2023,2.485254732,0.183419749,1.502195301,-0.371583055,42,ok,0
174,35,2022,2.590848965,0.202996996,1.370439482,-0.715065483,42,ok,0
174,35,2021,2.523863357,0.229124629,1.338061064,-0.39966006,22,ok,0
174,35,2020,2.530346308,0.310593718,1.275624612,-0.263267611,22,ok,0
174,35,2019,2.317939602,0.135442948,1.573181849,-0.152380117,18,ok,0
174,35,2018,2.376466725,0.072513017,1.803756641,-0.320747406,19,ok,0
174,35,2017,2.372780616,0.08525729,1.765223436,0.04438338,39,ok,0
174,35,2016,2.542490004,0.207487122,1.620091617,-0.549575862,41,ok,0
174,35,2015,2.359630907,0.149829349,1.702458538,-0.318056382,35,ok,0
174,35,2014,2.399061971,0.234560707,1.372342342,0.798407502,35,ok,0
174,35,2013,2.848262467,0.238197219,1.456117489,0.115265016,29,ok,0
174,35,2012,2.268318926,0.074855824,1.919644338,0.53822164,19,ok,0
174,35,2011,2.070132124,0.092366972,1.794191137,0.811033456,31,ok,0
174,35,2010,2.362941495,0.090301008,1.766303103,-0.30009088,25,ok,0
174,35,2009,2.514869725,0.102001106,1.779884021,-0.458449209,30,ok,0
174,35,2008,2.323852047,0.10376735,2.053765771,0.398278579,26,ok,0
174,35,2007,2.171132293,0.080386835,1.947249353,0.392354257,26,ok,0
174,35,2006,2.265666602,0.046876831,2.008010788,0.105991409,23,ok,0
174,35,2005,2.305477257,0.123825777,1.873332191,0.288329633,27,ok,0
174,35,2004,2.249742253,0.033254512,2.159117134,0.248204529,29,ok,0
174,35,2003,2.43339133,0.033435764,2.130014084,-0.100929046,20,ok,0
174,35,2002,2.401651288,0.059168507,2.024728656,-0.046492586,24,ok,0
174,35,2001,2.215116341,0.047958957,2.028485746,0.186032576,28,ok,0
174,35,2000,2.327729378,0.034160692,2.133042193,-0.065867391,34,ok,0
175,35,2024,1.835642775,0,0.876744984,1.912620866,38,ok,0
175,35,2023,2.114579008,0,0.395834109,1.977172895,41,ok,0
175,35,2022,2.046332024,0.00811814,0.281229607,1.889101379,43,ok,0
175,35,2021,1.785032566,0,0.650017697,2.08150357,22,ok,0
175,35,2020,2.122773293,0,0.248019801,2.079353251,19,ok,0
175,35,2019,1.906712711,0.016329535,0.740061731,1.799929703,22,ok,0
175,35,2018,1.684914009,0.074314568,1.206293781,1.787230406,21,ok,0
175,35,2017,1.834945398,0.067029448,1.202946491,1.821474317,43,ok,0
175,35,2016,1.977807783,0.158750229,0.916993815,1.648434554,42,ok,0
175,35,2015,1.948243959,0.226443944,0.775091778,1.44578312,38,ok,0
175,35,2014,1.741669611,0.135403815,1.728083266,0.977730412,38,ok,0
175,35,2013,1.732068935,0.1392713,1.760783335,1.751601154,29,ok,0
175,35,2012,1.680004208,0.281320623,1.360520982,1.748474708,9,ok,0
175,35,2011,1.838007483,0.116238873,1.725431016,0.685948078,26,ok,0
175,35,2010,1.433963318,0.37181495,1.204602674,1.82584549,19,ok,0
175,35,2009,1.784139867,0.202266899,1.577802102,1.267268606,29,ok,0
175,35,2008,1.715734417,0.173171215,1.753368726,1.296789963,27,ok,0
175,35,2007,1.774039513,0.141829519,1.88423831,1.038781795,21,ok,0
175,35,2006,1.775989973,0.11574564,1.984017309,1.055117837,25,ok,0
175,35,2005,1.858035717,0.095144626,2.053425977,0.977875789,26,ok,0
175,35,2004,1.472453537,0.275791081,1.61392929,1.5267829,24,ok,0
175,35,2003,2.097221362,0.156405466,1.897284057,0.833885359,18,ok,0
175,35,2002,1.858515569,0.123367664,2.029323357,1.298328764,24,ok,0
175,35,2001,1.616323556,0.134602673,2.021077585,1.548683953,33,ok,0
175,35,2000,1.71363116,0.189176179,1.698347747,1.242220761,32,ok,0
170,34,2000,1.687790209,0.255285938,1.27972067,0.391267689,28,ok,0
170,34,2001,1.545465271,0.393988644,0.965883641,0.837763315,26,ok,0
170,34,2002,1.680613732,0.280603417,1.366825755,0.625350482,23,ok,0
170,34,2003,1.905885612,0.365923841,1.340843797,0.205752457,10,ok,0
170,34,2004,1.556499647,0.336247626,1.114068815,1.245763881,29,ok,0
170,34,2005,1.430124545,0.225969384,1.403218026,1.362547558,18,ok,0
170,34,2006,1.319263267,0.271466912,1.234029379,1.402795924,25,ok,0
170,34,2007,1.24383188,0.238492432,1.350046208,1.583034395,20,ok,0
170,34,2008,1.279590857,0.310758368,1.284354207,1.507258153,27,ok,0
170,34,2009,1.375649072,0.311054982,1.263280183,1.289807204,26,ok,0
170,34,2010,1.65844809,0.278740095,1.45037483,0.595568584,25,ok,0
170,34,2011,1.296424662,0.24984741,1.32168117,1.52937171,23,ok,0
170,34,2012,1.530981043,0.242873612,1.270733046,1.024954125,18,ok,0
170,34,2013,1.536463209,0.229953107,1.300818778,1.056355887,31,ok,0
170,34,2014,1.168964104,0.268031881,1.203414237,1.755875527,37,ok,0
170,34,2015,1.183531051,0.261035973,1.245056,1.659272301,39,ok,0
170,34,2016,1.169729649,0.258576679,1.304802974,1.941111114,34,ok,0
170,34,2017,1.405540635,0.277791409,1.170992802,1.476388957,38,ok,0
170,34,2018,1.269583491,0.25194298,1.181867387,1.574165563,16,ok,0
170,34,2019,1.160755534,0.334200697,0.916378985,1.683711592,17,ok,0
170,34,2020,1.150188245,0.321793022,0.992098629,1.860261221,19,ok,0
170,34,2021,1.559644359,0.236505861,1.226659382,1.089693089,21,ok,0
170,34,2022,0.536918123,0.633036738,0.369473831,2.784124116,36,Not ok,0
170,34,2022,1.221391469,0.242622595,1.187727434,1.712795016,36,ok,2023
170,34,2023,1.221391469,0.242622595,1.187727434,1.712795016,41,ok,0
170,34,2024,0.645110917,0.332341665,1.590655124,2.044281641,38,ok,0
171,34,2000,1.230081903,0.103563472,1.942936386,1.562894234,24,ok,0
171,34,2001,1.730145486,0.2485842,1.464377323,0.74934956,26,ok,0
171,34,2002,1.253754845,0.130446023,1.831813089,1.790604985,22,ok,0
171,34,2003,1.616924661,0.430335053,1.113722427,1.330944891,12,ok,0
171,34,2004,1.478590581,0.188962641,1.751661729,1.47106107,26,ok,0
171,34,2005,1.396935092,0.145443714,1.847533516,1.51731628,18,ok,0
171,34,2006,1.315854177,0.154140829,1.771301205,1.528335464,31,ok,0
171,34,2007,1.137078061,0.124438657,1.826483782,1.923849869,24,ok,0
171,34,2008,1.051843855,0.156232267,1.777825502,2.184164221,18,ok,0
171,34,2009,1.275901704,0.155848372,1.819997729,1.75998087,27,ok,0
171,34,2010,1.375107937,0.076283484,2.139574832,1.521105869,23,ok,0
171,34,2011,0.884880939,0.153249828,1.73422057,2.997729638,27,ok,0
171,34,2012,1.235692466,0.060125054,1.981322609,1.895436994,15,ok,0
171,34,2013,1.130389526,0.125926577,1.619283909,2.496932542,36,ok,0
171,34,2014,1.548474105,0.39526392,1.101771717,1.784945722,33,ok,0
171,34,2015,1.435983951,0.172416952,1.686009298,1.983269416,41,ok,0
171,34,2016,1.900000071,0.189379647,1.594972542,0.680883132,38,ok,0
171,34,2017,1.699084572,0.184419805,1.607239872,1.065364349,38,ok,0
171,34,2018,0.968516901,0.080766659,1.828878542,2.54689777,19,ok,0
171,34,2019,1.298807317,0.031919462,1.770434386,1.847821812,22,ok,0
171,34,2020,1.547208399,0.002814468,1.870061921,1.524306456,18,ok,0
171,34,2021,3.094389245,0,2.175082464,-0.743307362,22,ok,0
171,34,2022,4.090021012,0,2.187106675,-2.784785999,40,Not ok,2021
171,34,2022,3.094389245,0,2.175082464,-0.743307362,40,ok,0
171,34,2023,1.019491306,0.130275945,1.638705879,2.633855448,40,ok,0
171,34,2024,1.251531092,0.080838405,1.754848902,2.085341788,35,ok,0
175,34,2000,1.929455246,0.185840149,1.739592042,0.976464825,31,ok,0
175,34,2001,1.889799593,0.051767893,2.208434433,0.915081027,29,ok,0
175,34,2002,1.004275467,0.249049008,1.729029715,2.846375496,22,ok,0
175,34,2003,2.147968229,0.236649429,1.535056241,0.607081482,16,ok,0
175,34,2004,1.795127501,0.123287531,2.019553568,1.186339257,24,ok,0
175,34,2005,1.747150042,0,2.342066172,1.199428771,25,ok,0
175,34,2006,1.906828101,0,2.244237955,1.016534232,25,ok,0
175,34,2007,1.926296897,0.119439828,1.9582303,0.81929404,21,ok,0
175,34,2008,2.255881796,0.205927472,1.648704284,0.244762947,23,ok,0
175,34,2009,2.349684562,0.452082031,1.012865931,0.128396956,29,ok,0
175,34,2010,1.964594107,0.214774158,1.626276717,0.74748756,17,ok,0
175,34,2011,1.183400382,0.284388954,1.399193732,1.98055624,25,ok,0
175,34,2012,1.710899484,0.341592666,1.172173969,1.26321489,11,ok,0
175,34,2013,2.437073396,0.243760009,1.259935732,-0.005446775,29,ok,0
175,34,2014,2.506110697,0.215338166,1.371521758,-0.195042554,38,ok,0
175,34,2015,1.655087866,0.74504836,0.886974039,0.514670245,34,ok,0
175,34,2016,2.651232817,0.429694034,0.983149807,-0.427669302,42,ok,0
175,34,2017,2.416893003,0.199392926,1.40725624,0.075684481,41,ok,0
175,34,2018,0.947125657,0.813142107,0.281333696,2.947024187,19,ok,0
175,34,2019,2.806373389,0.541862691,1.087235439,-0.458012951,21,ok,0
175,34,2020,1.178446732,0.092971531,1.957925932,2.34523138,18,ok,0
175,34,2021,1.18602161,0.322819827,1.094687463,2.15267935,22,ok,0
175,34,2022,2.459289089,0.162940367,1.497020965,-0.267230214,39,ok,0
175,34,2023,2.601352691,0.900192086,0.04373957,-0.479058375,40,ok,0
175,34,2024,2.556531823,0.11260154,2.054425723,0.023518994,34,ok,0
174,34,2000,2.389020981,0.141499447,1.710907835,-0.299598732,32,ok,0
174,34,2001,2.432548402,0.089851671,1.863557711,-0.460094824,28,ok,0
174,34,2002,2.543311675,0.081477321,1.857975022,-0.534836052,23,ok,0
174,34,2003,2.517701704,0.073553859,1.871383099,-0.238261117,18,ok,0
174,34,2004,2.514099899,0.044579807,2.002150932,-0.457839255,26,ok,0
174,34,2005,2.514099899,0.044579807,2.002150932,-0.457839255,28,ok,0
174,34,2005,2.643298594,0,2.111489264,-0.758679217,28,Not ok,2004
174,34,2006,2.305614521,0.072321137,1.93007044,-0.208928251,24,ok,0
174,34,2007,2.180789459,0.062302192,2.025586072,0.003345911,29,ok,0
174,34,2008,2.68243207,0.546551306,1.452472546,-0.758650815,24,Not ok,2009
174,34,2008,2.248335952,0.14504507,1.617505256,0.02330456,24,ok,0
174,34,2009,2.248335952,0.14504507,1.617505256,0.02330456,24,ok,0
174,34,2010,2.260414826,0.212154884,1.410487056,0.204322088,18,ok,0
174,34,2011,2.446498907,0.152792748,1.495949586,-0.19412196,27,ok,0
174,34,2012,2.438762728,0.1101801,1.671193294,0.066635187,17,ok,0
174,34,2013,2.738775182,0.31206936,1.14752426,0.304827787,31,ok,0
174,34,2014,2.731284845,0.328626615,1.115605935,0.375073667,40,ok,0
174,34,2015,2.433016478,0.310161462,1.158400804,-0.359689416,33,ok,0
174,34,2016,2.524016958,0.453815406,0.79874919,-0.503743708,40,ok,0
174,34,2017,2.557247826,0.212005035,1.305866745,-0.634350065,38,ok,0
174,34,2018,2.342778542,0.179820865,1.39105327,-0.172515679,19,ok,0
174,34,2019,2.270384323,0.208654876,1.248136896,0.157102424,18,ok,0
174,34,2020,2.461727113,0.188469711,1.365195039,-0.114300801,19,ok,0
174,34,2021,2.278668916,0.146420682,1.67816372,0.73200438,21,ok,0
174,34,2022,2.424284334,0.254223742,1.212728045,-0.1251333,36,ok,0
174,34,2023,2.58401721,0.195202794,1.33573022,-0.465923042,38,ok,0
174,34,2024,2.726166623,0.204982941,1.290443859,-0.801565779,42,ok,0
173,34,2000,2.275850018,0.229281628,1.603246902,-0.030131334,28,ok,0
173,34,2001,2.61436556,0.17181334,1.869995578,-0.949450644,26,Not ok,2002
173,34,2001,2.62310797,0.213305639,1.689814051,-0.0541784,26,ok,0
173,34,2002,2.62310797,0.213305639,1.689814051,-0.0541784,23,ok,0
173,34,2003,2.276827697,0.21131484,1.75564452,0.697787089,18,ok,0
173,34,2004,2.388822216,0.182688803,1.836132539,0.447674786,28,ok,0
173,34,2005,2.547727164,0.257755446,1.467041688,0.055497631,20,ok,0
173,34,2006,2.444629997,0.228006393,1.686652032,-0.033798326,32,ok,0
173,34,2007,2.228031566,0.246705033,1.595369556,0.442385035,25,ok,0
173,34,2008,2.366663529,0.270568158,1.439529337,0.474619328,25,ok,0
173,34,2009,2.544205576,0.192917428,1.649240284,-0.258720272,33,ok,0
173,34,2010,2.516933457,0.230200987,1.669535175,-0.242028584,27,ok,0
173,34,2011,2.413381843,0.214430422,1.724468962,0.191116142,24,ok,0
173,34,2012,2.586903769,0.143488072,1.930004783,0.022402436,15,ok,0
173,34,2013,2.399867998,0.063597188,1.960019421,0.539505658,27,ok,0
173,34,2014,2.824504778,0.105984007,1.871894634,-0.588177946,37,ok,0
173,34,2015,2.76485424,0.186845926,1.72714306,-0.360044596,36,ok,0
173,34,2016,2.810992965,0.109261582,1.897697041,-0.569926599,38,ok,0
173,34,2017,2.810992965,0.109261582,1.897697041,-0.569926599,38,ok,0
173,34,2017,2.754144809,0.133342716,1.957368624,-0.719354179,38,Not ok,2016
173,34,2018,2.749209727,0.119787484,1.87252478,-0.640373393,18,ok,0
173,34,2019,2.674206937,0.032168735,2.062822318,-0.238866831,19,ok,0
173,34,2020,2.910979824,0.013946201,2.050507773,-0.58315007,19,ok,0
173,34,2021,2.687321472,0.14339666,1.697798496,0.062104717,23,ok,0
173,34,2022,2.739661218,0.057118881,1.946784317,-0.134281431,40,ok,0
173,34,2023,2.709276817,0.016301075,2.090783427,-0.131916821,38,ok,0
173,34,2024,2.829746653,0.075729719,1.940747474,-0.440771269,41,ok,0
172,34,2000,1.981254151,0.130843032,2.099727854,0.358380884,27,ok,0
172,34,2001,2.042019846,0.266224517,1.672349351,0.324558719,22,ok,0
172,34,2002,2.24615118,0.256252045,1.727493882,0.036813138,27,ok,0
172,34,2003,2.423990329,0.250410727,1.784009939,-0.256623563,20,ok,0
172,34,2004,2.366807999,0.123537338,2.177830614,-0.038066672,32,ok,0
172,34,2005,2.242590313,0.219802185,1.897347099,0.197657817,25,ok,0
172,34,2006,2.007863457,0.150536961,2.010161117,0.618035535,31,ok,0
172,34,2007,1.968027223,0.157882629,1.935525544,0.643550561,19,ok,0
172,34,2008,2.268243565,0.185475569,1.8625787,0.13049327,27,ok,0
172,34,2009,2.300699474,0.14284189,2.055053192,-0.080901574,23,ok,0
172,34,2010,2.300699474,0.14284189,2.055053192,-0.080901574,32,ok,0
172,34,2010,2.269215637,0.133742535,2.1451136,-0.075317726,32,Not ok,2009
172,34,2011,2.300699474,0.14284189,2.055053192,-0.080901574,29,ok,0
172,34,2012,2.388147231,0.265718159,1.700831011,0.010974528,18,ok,0
172,34,2011,2.320313177,0.149940353,2.073226078,-0.240488607,29,Not ok,2009
172,34,2012,2.381504202,0.142618566,2.118614893,-0.138632767,18,Not ok,2013
172,34,2013,2.388147231,0.265718159,1.700831011,0.010974528,33,ok,0
172,34,2014,2.340699008,0.094039086,2.098733618,0.126858876,37,ok,0
172,34,2015,2.366178333,0.045602706,2.265214218,0.306646444,42,ok,0
172,34,2016,2.493024625,0.083067829,2.091183376,-0.051656617,35,ok,0
172,34,2017,2.507870946,0.14148043,1.986666243,-0.115721221,41,ok,0
172,34,2018,2.282260946,0.094599556,2.008195186,0.46870069,16,ok,0
172,34,2019,2.42750163,0.102873089,1.911678726,-0.093844669,20,ok,0
172,34,2020,2.21245418,0,2.226709454,0.508571379,17,ok,0
172,34,2021,2.38155074,0.01998409,2.282046545,0.075503889,20,ok,0
172,34,2022,2.288404194,0.016883869,2.194111056,0.504205825,37,ok,0
172,34,2023,2.260597883,0,2.334217618,0.573534054,40,ok,0
172,34,2024,2.443103801,0.022916617,2.235597108,0.226335955,38,ok,0
170,36,2000,0.491006796,0.339539215,1.017482814,3.85264492,26,ok,0
170,36,2001,0.491006796,0.339539215,1.017482814,3.85264492,39,ok,0
170,36,2002,0.491006796,0.339539215,1.017482814,3.85264492,25,ok,0
170,36,2003,0.491006796,0.339539215,1.017482814,3.85264492,9,ok,0
170,36,2000,1.482844468,0,2.655435203,0.438128217,26,Not ok,2004
170,36,2001,-137.8533206,0.725323418,-0.813813902,660.295613,39,Not ok,2004
170,36,2002,-120.918671,0.756931206,-0.683500787,567.0485451,25,Not ok,2004
170,36,2003,-26.5102585,0.572610894,0.09901213,108.7947331,9,Not ok,2004
170,36,2004,0.491006796,0.339539215,1.017482814,3.85264492,23,ok,0
170,36,2005,0.722333892,0.109438408,1.442752123,2.919015818,19,ok,0
170,36,2006,0.833733921,0,2.796665455,3.106091637,20,ok,0
170,36,2007,0.823004161,0,1.485724184,3.096397584,17,ok,0
170,36,2008,0.823004161,0,1.485724184,3.096397584,21,ok,0
170,36,2008,0.330032682,0.347648763,0.228132247,3.248114677,21,Not ok,2007
170,36,2009,1.600890404,0.388194123,-0.539056836,0.634193218,22,ok,0
170,36,2010,1.996465234,0.474088905,-0.615957938,0.17874127,24,ok,0
170,36,2011,2.465218007,0.244515479,0.714857827,-0.665840899,21,ok,0
170,36,2012,1.635442895,0,0.717697754,1.398512116,14,ok,0
170,36,2013,0.723038194,0,4.021265378,6.336366144,32,ok,0
170,36,2014,1.508238196,0,3.873110612,4.135003371,43,ok,0
170,36,2015,1.508238196,0,3.873110612,4.135003371,43,ok,0
170,36,2016,1.508238196,0,3.873110612,4.135003371,41,ok,0
170,36,2017,1.508238196,0,3.873110612,4.135003371,41,ok,0
170,36,2018,1.508238196,0,3.873110612,4.135003371,18,ok,0
170,36,2019,1.196128784,0.206652672,1.312785797,3.642680572,21,ok,0
170,36,2020,1.196128784,0.206652672,1.312785797,3.642680572,20,ok,0
170,36,2021,1.196128784,0.206652672,1.312785797,3.642680572,25,ok,0
170,36,2015,-1.736198063,0.22021185,2.183056466,19.0520002,43,Not ok,2014
170,36,2016,-1.677592383,0.016001979,2.978463205,12.05056898,41,Not ok,2014
170,36,2017,-6.917238905,0,3.176497693,33.27335275,41,Not ok,2014
170,36,2018,-2.120356738,0.081551682,2.39734801,17.23968194,18,Not ok,2014
170,36,2019,-67.84824225,0,3.215683148,435.3026392,21,Not ok,2022
170,36,2020,-12.54198505,0,3.320465945,415.6971064,20,Not ok,2022
170,36,2021,134.9966076,0.367402579,1.632757151,-338.32109,25,Not ok,2022
170,36,2022,1.196128784,0.206652672,1.312785797,3.642680572,42,ok,0
170,36,2023,1.059933364,0.083515803,1.642683059,3.52811947,42,ok,0
170,36,2024,1.180436836,0.177699889,1.452228618,3.180093424,44,ok,0
171,36,2000,1.30624361,0.284297146,1.955589622,1.146250941,25,ok,0
171,36,2001,1.199356037,0.283218068,1.962483606,1.406776854,37,ok,0
171,36,2002,1.123986725,0.218741093,1.999083211,1.748498375,22,ok,0
171,36,2003,1.289740951,0.198312321,2.023228196,1.356895435,18,ok,0
171,36,2004,1.410024446,0.237284231,2.122949606,1.483203397,28,ok,0
171,36,2005,1.284483656,0.275264442,1.971373933,1.888357635,20,ok,0
171,36,2006,1.461085955,0.253858562,1.96362289,1.245829373,27,ok,0
171,36,2007,1.26720647,0.193892332,2.040425492,1.529411179,25,ok,0
171,36,2008,0.56169538,0.311816535,1.595765766,3.860276732,22,ok,0
171,36,2009,0.682911236,0.251889593,1.773559097,2.965513482,31,ok,0
171,36,2010,0.635618043,0.193923088,1.918964156,2.695619941,22,ok,0
171,36,2011,1.069718332,0.165996217,2.043131923,1.808897749,26,ok,0
171,36,2012,1.002197032,0.233833845,1.883095126,1.98451362,19,ok,0
171,36,2013,0.623676004,0.185156494,1.846599683,3.027643975,35,ok,0
171,36,2014,0.828583073,0.177169716,1.842805438,2.28375977,40,ok,0
171,36,2015,0.990603089,0.226336886,1.761049576,1.908376623,44,ok,0
171,36,2016,0.827446152,0.293034889,1.594565053,2.120457446,43,ok,0
171,36,2017,0.636679401,0.281723516,1.543955787,2.479845985,40,ok,0
171,36,2018,0.451296523,0.221617277,1.586419424,2.816996312,21,ok,0
171,36,2019,0.127828579,0.103098563,1.792868718,4.540247952,21,ok,0
171,36,2020,0.429570921,0.203380812,1.613410989,3.255376481,20,ok,0
171,36,2020,0.027579819,0.196136749,1.616488135,5.684709898,20,Not ok,2021
171,36,2021,0.429570921,0.203380812,1.613410989,3.255376481,26,ok,0
171,36,2022,0.816318487,0.203732888,1.614475573,1.937453293,40,ok,0
171,36,2023,0.789336608,0.183040217,1.686594476,2.166750908,44,ok,0
171,36,2024,0.688688406,0.177216861,1.695508135,2.51750455,43,ok,0
172,36,2000,1.721385768,0.144523693,1.06362523,0.204473234,33,ok,0
172,36,2001,1.721385768,0.144523693,1.06362523,0.204473234,32,ok,0
172,36,2002,1.721385768,0.144523693,1.06362523,0.204473234,26,ok,0
172,36,2003,1.193836012,0,3.272441915,2.101846892,21,ok,0
172,36,2001,-20.12758085,0.666598292,-0.680414772,378.0409405,32,Not ok,2000
172,36,2002,28.99955744,0.619322964,-0.61144385,271.2537357,26,Not ok,2000
172,36,2003,-30.60547447,0.498479168,-0.485892991,239.6787622,21,Not ok,2004
172,36,2004,1.193836012,0,3.272441915,2.101846892,27,ok,0
172,36,2005,0.656618131,0,2.320157647,3.690832121,22,ok,0
172,36,2006,1.698321074,0.184419095,1.093469217,1.251746518,26,ok,0
172,36,2007,1.844304028,0.167347797,1.528523636,0.866007199,24,ok,0
172,36,2008,1.775642308,0.242513504,0.694823921,0.56380368,27,ok,0
172,36,2009,1.775642308,0.242513504,0.694823921,0.56380368,27,ok,0
172,36,2009,1.633317053,0,2.215880978,0.449943567,27,Not ok,2008
172,36,2010,1.508455645,0.087723456,1.168952857,0.829886593,30,ok,0
172,36,2011,1.508455645,0.087723456,1.168952857,0.829886593,30,ok,0
172,36,2011,2.135764036,0,5.381794352,-0.68873037,30,Not ok,2010
172,36,2012,1.273719513,0.009914362,0.698680064,1.954469428,15,ok,0
172,36,2013,1.273719513,0.009914362,0.698680064,1.954469428,28,ok,0
172,36,2014,1.273719513,0.009914362,0.698680064,1.954469428,42,ok,0
172,36,2015,1.273719513,0.009914362,0.698680064,1.954469428,42,ok,0
172,36,2016,1.065818314,0,2.459311162,2.343442107,41,ok,0
172,36,2017,1.065818314,0,2.459311162,2.343442107,43,ok,0
172,36,2013,1.050600812,-0.77028663,3.743974501,1.865521689,28,Not ok,2012
172,36,2014,1.924166457,-0.275338332,2.68906218,-0.036713659,42,Not ok,2012
172,36,2015,1.924305171,-0.374312003,3.102751753,0.142196804,42,Not ok,2012
172,36,2016,2.204850655,-0.274042768,3.076703498,-0.739229704,41,Not ok,2018
172,36,2017,1.287812519,-0.282553095,3.184467495,1.443992183,43,Not ok,2018
172,36,2018,1.065818314,0,2.459311162,2.343442107,19,ok,0
172,36,2019,1.065818314,0,2.459311162,2.343442107,22,ok,0
172,36,2020,0.723185862,0.022416862,2.209211926,3.226330522,18,ok,0
172,36,2019,-0.407170957,-0.036074012,1.953718849,6.163769825,22,Not ok,2018
172,36,2020,-0.089984374,0,2.473317581,6.238768349,18,Not ok,2021
172,36,2021,0.723185862,0.022416862,2.209211926,3.226330522,22,ok,0
172,36,2022,0.484578195,0.277965751,1.950328262,2.963372051,41,ok,0
172,36,2023,0.484578195,0.277965751,1.950328262,2.963372051,42,ok,0
172,36,2023,1.140235076,0,3.3417021,0.838772231,42,Not ok,2022
172,36,2024,0.720894743,0,2.74748395,2.70728338,43,ok,0
173,36,2000,1.513186818,0.120045909,1.760168261,1.08306332,35,ok,0
173,36,2001,1.400590194,0.166065094,1.559887213,1.417590153,33,ok,0
173,36,2002,1.349676908,0.130944357,1.722564851,1.919291986,23,ok,0
173,36,2003,1.520389702,0.089255172,1.942089122,1.57247523,20,ok,0
173,36,2004,1.52015681,0.087631892,1.856226652,1.515151003,27,ok,0
173,36,2005,1.469578559,0.121781367,1.647016061,1.639002867,26,ok,0
173,36,2006,1.468260183,0.196388603,1.498506705,1.444228295,31,ok,0
173,36,2007,1.782143937,0.256711055,1.439682132,0.781797784,28,ok,0
173,36,2008,1.69229082,0.142100464,1.761221573,1.53938778,24,ok,0
173,36,2009,2.014387813,0.094367223,1.939867497,1.106168971,33,ok,0
173,36,2010,1.572427466,0.120448866,1.674154876,1.09831327,25,ok,0
173,36,2011,2.16071623,0.193139771,1.64952901,4.485422952,28,ok,0
173,36,2012,1.617368471,0.187423062,1.481534307,1.17277318,15,ok,0
173,36,2013,0.063079879,0,1.858297722,3.689712276,32,ok,0
173,36,2014,0.184308456,0,2.16547214,3.360791582,40,ok,0
173,36,2015,1.585952674,0.1109643,1.732809478,1.280716508,43,ok,0
173,36,2016,1.004607172,0.139504253,1.601231742,2.199812237,41,ok,0
173,36,2017,1.514523641,0.102586494,1.699763364,1.018610155,44,ok,0
173,36,2018,1.630043226,0.033393012,1.769394933,1.588494366,21,ok,0
173,36,2019,1.128094729,0,1.765511774,2.943448436,21,ok,0
173,36,2020,0.741044848,0,1.796066868,2.609866829,21,ok,0
173,36,2021,1.661115144,0.089095916,1.759451769,2.490580414,26,ok,0
173,36,2022,1.351620113,0.127168106,1.549932024,2.002451769,42,ok,0
173,36,2023,1.27797192,0.040375488,1.778676498,1.873320664,43,ok,0
173,36,2024,1.612236656,0.030763453,1.846427812,1.542000762,44,ok,0
174,36,2000,2.711122066,0,2.191515574,-0.317559182,37,ok,0
174,36,2001,2.595312136,0,2.177610311,-0.202263711,34,ok,0
174,36,2002,2.590811759,0.01571374,2.073890845,0.175087323,25,ok,0
174,36,2003,2.812593731,0.068330531,2.016775059,-0.364226536,20,ok,0
174,36,2004,2.812593731,0.068330531,2.016775059,-0.364226536,29,ok,0
174,36,2004,2.942356572,0.014220103,2.191766145,-0.824856359,29,Not ok,2003
174,36,2005,2.818473914,0.012934677,2.208846012,-0.34744681,27,ok,0
174,36,2006,2.589999273,0.086401892,1.912310355,-0.206297523,26,ok,0
174,36,2007,2.691131729,0.061544214,1.984200668,-0.526601681,26,ok,0
174,36,2008,2.727467907,0.239353885,1.705711084,0.124064415,24,ok,0
174,36,2009,2.606476016,0.116903681,1.753262882,-0.314064062,33,ok,0
174,36,2010,2.512431546,0.118462778,1.753344045,-0.249117468,24,ok,0
174,36,2011,2.510662912,0.109161751,1.8016489,0.183088312,28,ok,0
174,36,2012,2.602289603,0.079437767,1.88613212,0.064274772,19,ok,0
174,36,2013,2.334356413,0.253582089,1.125059592,0.787902313,29,ok,0
174,36,2014,2.483268927,0.262885941,1.297020751,0.434863958,38,ok,0
174,36,2015,2.308128924,0.234000459,1.456289603,0.350216966,35,ok,0
174,36,2016,2.34383112,0.1704784,1.592384294,0.248233104,45,ok,0
174,36,2017,2.575647269,0.152417145,1.581595874,-0.178884392,41,ok,0
174,36,2018,2.496162339,0.147255884,1.589487517,-0.163712322,21,ok,0
174,36,2019,2.606559226,0.118356754,1.592621387,-0.268339322,19,ok,0
174,36,2020,2.617466484,0.111781192,1.651200129,-0.208412639,21,ok,0
174,36,2021,2.468357067,0.131774495,1.565736232,0.120060173,21,ok,0
174,36,2022,2.431528962,0.155512179,1.456935843,0.005868467,42,ok,0
174,36,2023,2.482569636,0.165915622,1.43355804,0.141103713,43,ok,0
174,36,2024,2.663907746,0.141584852,1.569414872,0.018951115,43,ok,0
175,36,2000,0.907392817,0.246696594,1.041078735,1.616998475,34,ok,0
175,36,2001,0.894859878,0.25527256,1.096605799,1.708398046,29,ok,0
175,36,2002,0.782696335,0.23961909,1.190180088,2.167542169,22,ok,0
175,36,2003,0.918460996,0.227772249,1.167943223,1.685221437,17,ok,0
175,36,2004,0.797170954,0.11048408,1.565124509,2.41022286,25,ok,0
175,36,2005,0.94083777,0.221161276,1.239138945,1.762861484,25,ok,0
175,36,2006,0.880371578,0.294143168,0.985078132,1.839943715,26,ok,0
175,36,2007,0.544310893,0.26057161,1.062669083,2.936925652,19,ok,0
175,36,2008,0.88177223,0.316959751,0.886894074,1.692326115,26,ok,0
175,36,2009,1.007748711,0.213414433,1.150889045,1.338475639,27,ok,0
175,36,2010,0.832752847,0.190891911,1.188856792,1.960442286,18,ok,0
175,36,2011,0.655420146,0.178495719,1.202818478,2.840779576,22,ok,0
175,36,2012,0.553146691,0.183799073,1.225871292,3.781216729,9,ok,0
175,36,2013,2.160145286,0,2.594178921,0.435755736,27,ok,0
175,36,2013,1.966179935,0,2.696052159,0.648775191,27,Not ok,2014
175,36,2014,2.160145286,0,2.594178921,0.435755736,39,ok,0
175,36,2015,0.834690418,0.11942222,1.471659022,1.941273897,37,ok,0
175,36,2016,0.834690418,0.11942222,1.471659022,1.941273897,42,ok,0
175,36,2016,-0.812647986,0.112559963,1.526256423,9.143475449,42,Not ok,2015
175,36,2017,1.034304692,0.055249189,1.625405527,1.470575795,41,ok,0
175,36,2018,0.999452269,0.028076095,1.633360843,1.348489758,20,ok,0
175,36,2019,0.888644798,0.010171269,1.615556912,1.622458478,23,ok,0
175,36,2020,1.150980179,0,1.771079317,1.107891406,20,ok,0
175,36,2021,1.063747055,0,1.779284672,1.100661584,22,ok,0
175,36,2022,1.133974087,0.026286799,1.66887575,0.902874686,44,ok,0
175,36,2023,1.012443876,0.035997038,1.660195973,1.1628388,41,ok,0
175,36,2024,0.776069594,0.043151996,1.569850159,1.82143303,38,ok,0
170,37,2000,1.995615184,0.161880571,-0.052737523,0.724564969,25,ok,0
170,37,2001,1.995615184,0.161880571,-0.052737523,0.724564969,39,ok,0
170,37,2002,1.995615184,0.161880571,-0.052737523,0.724564969,23,ok,0
170,37,2003,1.995615184,0.161880571,-0.052737523,0.724564969,13,ok,0
170,37,2004,1.995615184,0.161880571,-0.052737523,0.724564969,21,ok,0
170,37,2005,1.995615184,0.161880571,-0.052737523,0.724564969,19,ok,0
170,37,2000,3.447864657,0.147024168,1.942354153,-2.081019204,25,Not ok,2007
170,37,2001,-122.4187999,0.639739771,-0.826009,583.8244393,39,Not ok,2007
170,37,2002,-99.81080335,0.671478304,-0.847132472,455.4409362,23,Not ok,2007
170,37,2003,-36.49499245,0.713582536,-0.846912678,158.4916805,13,Not ok,2007
170,37,2004,4.064536595,0,3.125546719,-4.122420767,21,Not ok,2007
170,37,2005,4.386698267,0.389074437,-0.152634597,-4.248710343,19,Not ok,2007
170,37,2006,3.355452158,0.169040196,-0.046298743,-1.912333049,20,ok,0
170,37,2007,1.995615184,0.161880571,-0.052737523,0.724564969,20,ok,0
170,37,2008,2.010670342,0.1537947,-0.049257038,0.582240879,22,ok,0
170,37,2009,1.946227406,0.413341439,-0.766743529,-0.304758754,20,ok,0
170,37,2010,2.385796921,0.390591059,-0.601220639,-0.681180795,24,ok,0
170,37,2011,3.530380654,0.497391285,0.479185671,-2.493940782,20,ok,0
170,37,2012,3.966382221,0.372792435,-0.557358602,-3.649447572,12,ok,0
170,37,2013,1.660645595,0.07111762,2.003668545,4.57454003,34,ok,0
170,37,2014,3.144648021,0.075060226,2.025475173,0.512803919,43,ok,0
170,37,2015,2.385541755,0.104879021,1.955063142,0.248587605,44,ok,0
170,37,2016,2.158753198,0,2.270163926,0.690937575,42,ok,0
170,37,2017,1.455216423,0,2.358328994,2.9207958,41,ok,0
170,37,2018,1.018652669,0.074079861,1.374999688,2.91795739,21,ok,0
170,37,2019,0.713659847,0,1.985546491,3.81567646,20,ok,0
170,37,2020,0.713659847,0,1.985546491,3.81567646,20,ok,0
170,37,2020,-0.051654465,0,2.322083942,6.258799152,20,Not ok,2019
170,37,2021,1.306414936,0.13257019,1.764918917,3.868652393,25,ok,0
170,37,2022,1.428381632,0.109702815,1.804142965,2.872089861,44,ok,0
170,37,2023,1.537654776,0,2.127892141,2.26126159,45,ok,0
170,37,2024,1.406945964,0,2.054956189,2.599865404,45,ok,0
172,37,2000,1.277359404,0.312933738,-0.31023338,-0.49558161,31,ok,0
172,37,2001,72.64013159,0.557225806,-0.564282453,303.9239146,36,ok,0
172,37,2002,88.08695829,0.49356412,-0.429665284,243.3859506,28,ok,0
172,37,2003,97.54517487,0.337218632,-0.16515218,179.1757376,21,ok,0
172,37,2004,1.190806365,0.404319156,-0.455443088,-0.772140729,31,ok,0
172,37,2005,1.190806365,0.404319156,-0.455443088,-0.772140729,24,ok,0
172,37,2006,1.190806365,0.404319156,-0.455443088,-0.772140729,27,ok,0
172,37,2007,1.073751051,0.203705596,-0.046288693,-0.799775268,26,ok,0
172,37,2008,1.073751051,0.203705596,-0.046288693,-0.799775268,25,ok,0
172,37,2005,1.395908148,0.313577695,-0.298100433,-1.828761451,24,Not ok,2004
172,37,2006,9.34787683,0.137018412,0.031546622,-17.45612836,27,Not ok,2004
172,37,2007,9.450956128,0.15209401,0.017378066,-17.08073981,26,Not ok,2009
172,37,2008,3.608265114,0.147376479,0.035369683,-5.808958361,25,Not ok,2009
172,37,2009,1.073751051,0.203705596,-0.046288693,-0.799775268,25,ok,0
172,37,2010,1.2225889,0.152520691,-0.013407295,-0.450817613,29,ok,0
172,37,2011,1.545044465,0.164543842,-0.091105478,-0.511050504,21,ok,0
172,37,2012,1.545044465,0.164543842,-0.091105478,-0.511050504,15,ok,0
172,37,2012,1.38237035,0.159313682,-0.07832153,-1.33470752,15,Not ok,2011
172,37,2013,2.754829851,0,2.420077561,15.34618897,29,ok,0
172,37,2014,7.501791173,0.082023631,1.198971161,9.06182344,42,ok,0
172,37,2015,12.09197482,0,1.685095944,-5.094447988,43,ok,0
172,37,2016,12.07472263,0.118686234,0.897152324,-6.622094581,42,ok,0
172,37,2017,4.351428936,0,5.500959856,19.19362699,43,ok,0
172,37,2018,6.412640019,0,3.255679586,14.05779513,20,ok,0
172,37,2019,6.412640019,0,3.255679586,14.05779513,23,ok,0
172,37,2020,6.412640019,0,3.255679586,14.05779513,21,ok,0
172,37,2019,-0.325403992,0.045630583,1.678666179,26.61187117,23,Not ok,2018
172,37,2020,-7.780430043,0,2.633370786,42.84363451,21,Not ok,2018
172,37,2021,3.933262855,0,6.350273338,12.7775949,24,ok,0
172,37,2022,3.933262855,0,6.350273338,12.7775949,42,ok,0
172,37,2023,3.933262855,0,6.350273338,12.7775949,43,ok,0
172,37,2024,3.933262855,0,6.350273338,12.7775949,45,ok,0
172,37,2022,-174.6900145,0.22595734,1.582737079,778.3818158,42,Not ok,2021
172,37,2023,-19.22133749,0,2.20601104,91.61453143,43,Not ok,2021
172,37,2024,-2.876966574,0.020124721,1.469315957,23.01282554,45,Not ok,2021
173,37,2000,2.954695717,0.275226878,1.248016276,-0.984040909,38,ok,0
173,37,2001,2.954695717,0.275226878,1.248016276,-0.984040909,39,ok,0
173,37,2002,2.954695717,0.275226878,1.248016276,-0.984040909,22,ok,0
173,37,2003,2.954695717,0.275226878,1.248016276,-0.984040909,21,ok,0
173,37,2004,2.954695717,0.275226878,1.248016276,-0.984040909,28,ok,0
173,37,2005,2.954695717,0.275226878,1.248016276,-0.984040909,26,ok,0
173,37,2006,2.954695717,0.275226878,1.248016276,-0.984040909,28,ok,0
173,37,2007,2.954695717,0.275226878,1.248016276,-0.984040909,26,ok,0
173,37,2008,2.954695717,0.275226878,1.248016276,-0.984040909,27,ok,0
173,37,2009,2.954695717,0.275226878,1.248016276,-0.984040909,31,ok,0
173,37,2010,2.954695717,0.275226878,1.248016276,-0.984040909,24,ok,0
173,37,2000,2.741500354,0.119054401,1.607960245,-1.667256933,38,Not ok,2011
173,37,2001,2.976163867,0.181036258,1.426399313,-2.319482491,39,Not ok,2011
173,37,2002,3.275765244,0.202458892,1.285816853,-2.836709197,22,Not ok,2011
173,37,2003,3.301388348,0.228116081,1.231920898,-2.536598622,21,Not ok,2011
173,37,2004,3.120541715,0.163234878,1.396910129,-2.209374905,28,Not ok,2011
173,37,2005,3.153518788,0.174941039,1.332212832,-2.410244086,26,Not ok,2011
173,37,2006,3.351309951,0.24233997,1.224842439,-2.836239298,28,Not ok,2011
173,37,2007,3.358203656,0.24015167,1.212591197,-2.915701519,26,Not ok,2011
173,37,2008,3.013568511,0.231950784,1.17112476,-2.144178104,27,Not ok,2011
173,37,2009,2.915529073,0.25301366,1.132954731,-1.881771434,31,Not ok,2011
173,37,2010,3.447149606,0.260880702,1.133789649,-3.156581604,24,Not ok,2011
173,37,2011,2.954695717,0.275226878,1.248016276,-0.984040909,23,ok,0
173,37,2012,2.954695717,0.275226878,1.248016276,-0.984040909,19,ok,0
173,37,2012,3.214915608,0.237935319,1.209713794,-1.867249002,19,Not ok,2011
173,37,2013,3.15889851,0.858440959,0.37293511,-1.692504571,30,ok,0
173,37,2014,3.15889851,0.858440959,0.37293511,-1.692504571,42,ok,0
173,37,2015,3.15889851,0.858440959,0.37293511,-1.692504571,42,ok,0
173,37,2016,2.700893491,0.166250011,1.440570488,-0.887051542,43,ok,0
173,37,2017,2.700893491,0.166250011,1.440570488,-0.887051542,43,ok,0
173,37,2014,3.364855317,0.8356731,0.491467142,-2.392190779,42,Not ok,2013
173,37,2015,3.212706509,0.280175805,1.163223625,-2.442420968,42,Not ok,2013
173,37,2016,2.866958001,0.291983093,1.106549489,-1.641849871,43,Not ok,2018
173,37,2017,2.820334257,0.229412617,1.319867747,-1.486217019,43,Not ok,2018
173,37,2018,2.700893491,0.166250011,1.440570488,-0.887051542,21,ok,0
173,37,2019,2.758629087,0.18934001,1.271611365,-0.932995685,21,ok,0
173,37,2020,2.580308618,0.169525102,1.221857199,-0.404288095,22,ok,0
173,37,2021,1.758590165,0.191783126,1.269586961,4.041358122,26,ok,0
173,37,2022,1.712482576,0.197160612,1.224115726,4.994579158,45,ok,0
173,37,2023,2.542441615,0.19043589,1.22208648,0.537990255,44,ok,0
173,37,2024,2.551495443,0.200981923,1.224495244,0.384230764,45,ok,0
174,37,2000,2.485762346,0.041514313,1.986922834,-0.046846559,40,ok,0
174,37,2001,2.425580598,0.094656922,1.863061331,-0.161602625,32,ok,0
174,37,2002,2.493242958,0.136018635,1.689755861,-0.259153388,25,ok,0
174,37,2003,2.788315038,0.12413505,1.827066578,-0.672410862,19,ok,0
174,37,2004,2.645348314,0.100573572,1.831888245,-0.297074594,29,ok,0
174,37,2005,2.686270378,0.130110671,1.74659826,-0.49748543,31,ok,0
174,37,2006,2.745502025,0.158206107,1.625849437,-0.750792612,29,ok,0
174,37,2007,2.926224984,0.420830645,1.096495366,-1.118453482,21,ok,0
174,37,2008,2.556647033,0.138198335,1.722646322,0.086551159,25,ok,0
174,37,2009,2.556647033,0.138198335,1.722646322,0.086551159,29,ok,0
174,37,2010,2.556647033,0.138198335,1.722646322,0.086551159,22,ok,0
174,37,2009,2.992451849,0.176544342,1.528521537,-1.289171585,29,Not ok,2008
174,37,2010,2.968303214,0.135234701,1.659973297,-1.174067657,22,Not ok,2008
174,37,2011,2.588738985,0.18708478,1.515222221,-0.386251433,21,ok,0
174,37,2012,2.835049828,0.183380595,1.550200914,-0.831429559,18,ok,0
174,37,2013,3.249350513,0.20060698,1.404682884,-1.358419486,31,ok,0
174,37,2014,3.165448945,0.202997003,1.395471625,-1.350039229,39,ok,0
174,37,2015,3.165448945,0.202997003,1.395471625,-1.350039229,39,ok,0
174,37,2015,2.715343118,0.220565244,1.340693615,-1.242486559,39,Not ok,2014
174,37,2016,2.670872399,0.217890803,1.34486311,-1.074743728,43,ok,0
174,37,2017,2.670872399,0.217890803,1.34486311,-1.074743728,42,ok,0
174,37,2018,2.670872399,0.217890803,1.34486311,-1.074743728,21,ok,0
174,37,2017,2.829193635,0.17793243,1.423524723,-1.323510296,42,Not ok,2016
174,37,2018,2.766746651,0.108445191,1.616909054,-1.115208715,21,Not ok,2016
174,37,2019,2.786963637,0.161440697,1.428840277,-1.088220589,19,ok,0
174,37,2020,2.786963637,0.161440697,1.428840277,-1.088220589,21,ok,0
174,37,2020,2.926459931,0.139548454,1.514501614,-1.398373353,21,Not ok,2019
174,37,2021,2.634662993,0.174952739,1.387393084,-0.508165104,22,ok,0
174,37,2022,2.703984355,0.168733688,1.383475186,-0.607928625,42,ok,0
174,37,2023,2.93806773,0.181765276,1.343952199,-1.14858062,43,ok,0
174,37,2024,2.84526408,0.14577487,1.501493685,-0.673816172,42,ok,0
175,37,2000,2.709041414,0.223450365,1.640564928,-0.264845636,38,ok,0
175,37,2001,2.907270022,0.201873939,1.649376037,-0.533772037,30,ok,0
175,37,2002,3.196608984,0.25663998,1.522192929,-0.496150672,22,ok,0
175,37,2003,2.581797163,0.25249037,1.685720605,-0.056036094,15,ok,0
175,37,2004,2.662342765,0.224091479,1.796696332,-0.092577818,25,ok,0
175,37,2005,3.046534939,0.277189038,1.64928506,-0.922819452,24,ok,0
175,37,2006,2.593544489,0.233473575,1.612692458,-0.27993529,25,ok,0
175,37,2007,2.453331559,0.356936405,1.3462842,-0.110914589,27,ok,0
175,37,2008,2.565022159,0.30396314,1.486675126,-0.054924457,26,ok,0
175,37,2009,3.239101629,0.308661592,1.424821323,-1.462928023,20,ok,0
175,37,2010,3.007739718,0.227857964,1.685346799,-0.636565667,20,ok,0
175,37,2011,3.064941818,0.325973829,1.469460431,-0.869228411,16,ok,0
175,37,2012,2.671665099,0.214813254,1.706619092,-0.326125503,14,ok,0
175,37,2013,2.665376997,0.192246922,1.437081204,0.819207746,29,ok,0
175,37,2014,2.620167054,0.170735373,1.529290615,0.922754556,36,ok,0
175,37,2015,2.839781491,0.269155756,1.351084784,-0.884706581,35,ok,0
175,37,2016,2.509815673,0.205497686,1.476834746,-0.195589871,39,ok,0
175,37,2017,2.780564961,0.206273803,1.446190875,-0.908580804,39,ok,0
175,37,2018,2.87715997,0.204724887,1.462751215,-1.124018594,20,ok,0
175,37,2019,2.87715997,0.204724887,1.462751215,-1.124018594,23,ok,0
175,37,2020,2.87715997,0.204724887,1.462751215,-1.124018594,19,ok,0
175,37,2021,2.854855472,0.169263312,1.438297914,-1.089879407,22,ok,0
175,37,2019,3.195720611,0.191559326,1.49010219,-1.866176474,23,Not ok,2018
175,37,2020,3.1617402,0.158544896,1.588315519,-1.862907584,19,Not ok,2018
175,37,2021,2.996888546,0.172809191,1.477690053,-1.350387857,22,Not ok,2022
175,37,2022,2.854855472,0.169263312,1.438297914,-1.089879407,43,ok,0
175,37,2023,2.766727906,0.202287679,1.36707995,-0.951978115,37,ok,0
175,37,2024,2.976488632,0.167748891,1.450038347,-1.312674234,40,ok,0
172,38,2000,0.603128684,0.112442846,1.357292754,1.842741456,23,ok,0
172,38,2001,0.603128684,0.112442846,1.357292754,1.842741456,31,ok,0
172,38,2000,1.53843721,0.061064929,1.373866408,-0.70679794,23,Not ok,2002
172,38,2001,1.194639788,0.056717922,1.477164963,-0.010429393,31,Not ok,2002
172,38,2002,0.603128684,0.112442846,1.357292754,1.842741456,26,ok,0
172,38,2003,0.465993766,0.065622504,1.514499949,1.976883509,20,ok,0
172,38,2004,0.770328258,0.04558814,1.562036551,0.935367931,32,ok,0
172,38,2005,0.756527287,0.069313503,1.448598982,1.049583719,26,ok,0
172,38,2006,0.74610141,0.068084866,1.425146605,0.909419195,23,ok,0
172,38,2007,0.945954714,0.093373968,1.372676857,0.557940199,28,ok,0
172,38,2008,0.82864959,0.076841415,1.401414389,1.086978048,28,ok,0
172,38,2009,0.82864959,0.076841415,1.401414389,1.086978048,26,ok,0
172,38,2010,0.82864959,0.076841415,1.401414389,1.086978048,29,ok,0
172,38,2011,0.82864959,0.076841415,1.401414389,1.086978048,20,ok,0
172,38,2012,0.82864959,0.076841415,1.401414389,1.086978048,17,ok,0
172,38,2009,0.932599161,0.064923136,1.483252004,0.368664024,26,Not ok,2008
172,38,2010,0.717754849,0.035243026,1.479440574,0.752633527,29,Not ok,2008
172,38,2011,1.987728675,0.053078984,1.499400892,-1.617316169,20,Not ok,2008
172,38,2012,0.859778003,-0.011256879,1.678626794,0.688736532,17,Not ok,2008
172,38,2013,0.869668415,0.031478772,1.507425094,0.69682945,35,ok,
172,38,2014,0.869668415,0.031478772,1.507425094,0.69682945,42,ok,0
172,38,2013,0.946576317,-5.75E-05,1.467193922,0.410785955,35,Not ok,2015
172,38,2014,1.099226581,0.026633194,1.46567931,0.291781743,42,Not ok,2015
172,38,2015,0.869668415,0.031478772,1.507425094,0.69682945,43,ok,0
172,38,2016,0.869668415,0.031478772,1.507425094,0.69682945,44,ok,0
172,38,2017,0.869668415,0.031478772,1.507425094,0.69682945,43,ok,0
172,38,2018,0.599146381,0.027448048,1.32987245,1.136794528,20,ok,0
172,38,2016,0.706485352,0.014559506,1.571328704,0.873296922,44,Not ok,2015
172,38,2017,0.710966241,-0.014033175,1.593308912,0.838008992,43,Not ok,2015
172,38,2018,0.728615552,-0.024532259,1.572333712,0.805730284,20,Not ok,2019
172,38,2019,0.599146381,0.027448048,1.32987245,1.136794528,23,ok,0
172,38,2020,0.555006989,0.006495215,1.409178115,1.169269849,22,ok,0
172,38,2021,0.600073904,0,1.443151936,1.054011162,25,ok,0
172,38,2022,0.523760527,0,1.586569634,1.100443188,45,ok,0
172,38,2023,0.646030822,0,1.501595917,0.875179873,43,ok,0
172,38,2024,0.63212386,0,1.45571499,1.021860172,46,ok,0
173,38,2000,3.083559297,0.512610201,-0.618853942,-2.730456023,39,ok,0
173,38,2001,3.083559297,0.512610201,-0.618853942,-2.730456023,36,ok,0
173,38,2000,2.683256991,0.268104901,0.822383672,-2.299950582,39,Not ok,2002
173,38,2001,3.784317846,0.275904335,0.748147812,-4.859391502,36,Not ok,2002
173,38,2002,3.083559297,0.512610201,-0.618853942,-2.730456023,22,ok,0
173,38,2003,2.411031378,0.526787495,-0.614859687,-0.912277214,19,ok,0
173,38,2004,2.411031378,0.526787495,-0.614859687,-0.912277214,26,ok,0
173,38,2005,2.411031378,0.526787495,-0.614859687,-0.912277214,28,ok,0
173,38,2004,4.108856305,0.10906556,1.339259779,-5.01574358,26,Not ok,2003
173,38,2005,3.528368036,0.4311468,-0.139268753,-3.430431235,28,Not ok,2003
173,38,2006,2.583201475,0.453830492,-0.258042422,-0.851254242,29,ok,0
173,38,2007,2.583201475,0.453830492,-0.258042422,-0.851254242,26,ok,0
173,38,2008,2.583201475,0.453830492,-0.258042422,-0.851254242,32,ok,0
173,38,2007,3.554121054,0.068702226,1.591540602,-5.811235918,26,Not ok,2006
173,38,2008,3.630309028,0.063477671,1.740269712,-5.471389812,32,Not ok,2006
173,38,2009,2.604482253,0.435571247,-0.066126218,-1.857882546,29,ok,0
173,38,2010,2.683642285,0.533186402,-0.75531224,-1.380186794,27,ok,0
173,38,2011,2.432968194,0.122937242,1.367286028,-0.698347774,25,ok,0
173,38,2012,2.481799543,0.493529241,-0.481459927,-0.691004304,20,ok,0
173,38,2013,3.071761477,0.121762029,1.114640584,-1.754008904,33,ok,0
173,38,2014,3.10145874,0.073424256,1.36263793,0.66435522,43,ok,0
173,38,2015,2.671338723,0.040839155,1.707144741,0.675049436,43,ok,0
173,38,2016,2.671338723,0.040839155,1.707144741,0.675049436,43,ok,0
173,38,2016,4.12361298,0.072797826,1.778379102,-5.109630661,43,Not ok,2015
173,38,2017,1.574519373,0.457173449,0.93304179,0.479377588,44,ok,0
173,38,2018,1.174944288,0.416832446,0.958721752,2.173423102,22,ok,0
173,38,2019,2.964178712,0.005963863,1.634899557,-1.016396568,21,ok,0
173,38,2020,2.88554515,0.054141521,1.481114486,-0.573104292,22,ok,0
173,38,2021,2.494615199,0.071800697,1.428312247,0.640941247,26,ok,0
173,38,2022,4.606927344,0.253573724,1.199597983,-2.783935803,46,ok,0
173,38,2023,2.861569979,0.019385099,1.57820202,0.530521997,43,ok,0
173,38,2024,2.677161804,0.04688463,1.542776994,0.646221134,43,ok,0
174,38,2000,1.605713556,0.206289907,1.454647079,1.15051673,40,ok,0
174,38,2001,1.591302639,0.216384784,1.454797928,1.081687697,35,ok,0
174,38,2002,1.498315846,0.244261294,1.363444674,1.403658123,26,ok,0
174,38,2003,1.678310107,0.21099999,1.515706562,1.300630435,19,ok,0
174,38,2004,1.587872624,0.21871719,1.491405228,1.670023146,26,ok,0
174,38,2005,1.673387185,0.210947042,1.531229917,1.375406421,30,ok,0
174,38,2006,1.504974279,0.235161299,1.457328201,1.550983854,25,ok,0
174,38,2007,1.509770828,0.25281279,1.362132554,1.483606308,28,ok,0
174,38,2008,1.173877099,0.226576091,1.582723798,3.511169584,28,ok,0
174,38,2009,1.526908533,0.201907835,1.550906659,1.540131998,32,ok,0
174,38,2010,1.49257942,0.20602097,1.536309528,1.678176652,26,ok,0
174,38,2011,1.50729895,0.231007584,1.441326084,1.571342234,25,ok,0
174,38,2012,1.583529465,0.265456836,1.248907595,1.336644336,18,ok,0
174,38,2013,1.649748461,0.183975341,1.462549325,1.877794638,32,ok,0
174,38,2014,1.88683048,0.130281338,1.610249921,1.325082455,42,ok,0
174,38,2015,1.703545252,0.254495387,1.181607871,0.583912635,39,ok,0
174,38,2016,1.677006251,0.2477718,1.194775721,0.632692745,43,ok,0
174,38,2017,1.748960372,0.237137244,1.204136465,0.45876894,41,ok,0
174,38,2018,1.776387912,0.228298267,1.22367416,0.371365548,19,ok,0
174,38,2019,2.034227811,0.211005285,1.277080674,-0.326476322,21,ok,0
174,38,2020,2.034227811,0.211005285,1.277080674,-0.326476322,23,ok,0
174,38,2020,2.259090538,0.205774584,1.297875155,-0.816240832,23,Not ok,2019
174,38,2021,2.034353408,0.170120237,1.386189923,-0.433134143,24,ok,0
174,38,2022,1.823968562,0.134235833,1.363675924,-0.007371199,43,ok,0
174,38,2023,1.993479075,0.227006994,1.216788492,-0.211737939,43,ok,0
174,38,2024,1.941341207,0.228885102,1.197940228,0.028553267,45,ok,0
